Method,RMSE Species 1,RMSE Species 2,MAE Species 1,MAE Species 2
Euler h=0.50,10.8487801083355,10.99865575218374,9.077501977032226,7.672254193821243
Euler h=0.25,9.802890377348856,10.401485660296267,8.177101470506546,7.484024059343504
RK4 h=0.50,9.710479909259831,10.075735851650993,8.111223092683735,7.248815136004754
RK4 h=0.25,9.711200538315893,10.075588105377237,8.11117027449853,7.248541261160795
solve_ivp (L-BFGS-B),9.72625077610523,10.053727746292875,8.07968269915523,7.230224775344885
solve_ivp (DE),9.7142340431308,10.075183302920877,8.116010311547976,7.249991194286534
