Method,RMSE Species 1,RMSE Species 2,MAE Species 1,MAE Species 2
Euler h=0.50,10.817031475621725,11.00657960520216,9.055053446453574,7.680287464770407
Euler h=0.25,9.787763039515184,10.403173481580929,8.163224849384596,7.47886307225304
RK4 h=0.50,9.712479818507898,10.070057996439402,8.103564872483293,7.244071800787124
RK4 h=0.25,9.713205984004706,10.069899803255796,8.103515342114468,7.243800001422202
solve_ivp (L-BFGS-B),9.72625077610523,10.053727746292875,8.07968269915523,7.230224775344885
solve_ivp (DE),9.716264995466712,10.069408707911183,8.108424871763416,7.245324275605988
