Method,RMSE Species 1,RMSE Species 2,MAE Species 1,MAE Species 2
Euler h=0.50,10.705884917031433,11.039620222311951,8.974727494245792,7.70961797237373
Euler h=0.25,9.736842604013995,10.413774621216483,8.119966176280224,7.460845997366362
RK4 h=0.50,9.72308692872918,10.053991547836501,8.075710834085314,7.228076974006573
RK4 h=0.25,9.723830600325202,10.053797358093783,8.075673320655918,7.227812632607742
solve_ivp (L-BFGS-B),9.72625077610523,10.053727746292875,8.07968269915523,7.230224775344885
solve_ivp (DE),9.726943217428254,10.053064803038865,8.08083562743069,7.229631965454773
