Method,RMSE Species 1,RMSE Species 2,MAE Species 1,MAE Species 2
Euler h=0.50,10.705901607611498,11.041379377294543,8.97483192150179,7.710111112480105
Euler h=0.25,9.736316903659263,10.415032320555014,8.119252351002617,7.46090496240872
RK4 h=0.50,9.72239312298394,10.054662414764154,8.074607027487003,7.228675581819778
RK4 h=0.25,9.723136599099798,10.05446771326334,8.074569232634346,7.228411298947792
solve_ivp (L-BFGS-B),9.72625077610523,10.053727746292875,8.07968269915523,7.230224775344885
solve_ivp (DE),9.726241832843934,10.053736384507959,8.079739730486228,7.230220171235379
