Method,RMSE Species 1,RMSE Species 2,MAE Species 1,MAE Species 2
Euler h=0.50,10.772976872870847,11.01398161932276,9.02316767849565,7.690153051410066
Euler h=0.25,9.768710265660921,10.403108595544571,8.148130144015767,7.471242687072696
RK4 h=0.50,9.717976121217585,10.061131400502271,8.095617096007738,7.235689505606511
RK4 h=0.25,9.718709564438829,10.06096019299325,8.095573027017183,7.235420451382339
solve_ivp (L-BFGS-B),9.72625077610523,10.053727746292875,8.07968269915523,7.230224775344885
solve_ivp (DE),9.721817578317259,10.060357186533949,8.100559656610818,7.237082783433453
